"Brand","Model","Price_in_Pounds","Transmission","Fuel_Type","Mileage_in_Miles","Release_Year"
"Toyota","Yaris TR Hatchback",9420,"Manual","Petrol",73800,2012
"Toyota","AYGO x-cite Hatchback",5755,"Manual","Petrol",65805,2014
"Toyota","AYGO x-press Hatchback",5906,"Manual","Petrol",31267,2018
"Toyota","Auris Icon Hatchback",5985,"Manual","Petrol",33565,2014
"Toyota","AYGO x-play Hatchback",6195,"Manual","Petrol",44073,2015
"Toyota","AYGO x-play Hatchback",6220,"Manual","Petrol",57841,2017
"Toyota","AYGO x-play Hatchback",6295,"Manual","Petrol",39653,2015
"Toyota","AYGO x-clusiv 2 Hatchback",6351,"Manual","Petrol",71268,2016
"Toyota","AYGO x-play Hatchback",6390,"Manual","Petrol",41406,2017
"Toyota","Yaris Icon Hatchback",6485,"Manual","Petrol",60676,2016
"Toyota","Yaris TR Hatchback",6490,"Manual","Petrol",33565,2013
"Toyota","AYGO x-play Hatchback",6695,"Manual","Petrol",50226,2018
"Toyota","Yaris Icon Hatchback",6795,"Manual","Petrol",60676,2015
"Toyota","AYGO x-cite Hatchback",6890,"Manual","Petrol",46269,2015
"Toyota","Yaris Active Hatchback",6895,"Manual","Petrol",20948,2014
"Toyota","AYGO x-play Hatchback",6946,"Manual","Petrol",37514,2016
"Toyota","AYGO x-clusiv3 Hatchback",6995,"Manual","Petrol",71753,2018
"Toyota","Yaris Icon Hatchback",6995,"Manual","Diesel",33248,2017
"Toyota","AYGO x-press Hatchback",6995,"Manual","Petrol",58900,2018
"Toyota","Yaris Icon Hatchback",6999,"Manual","Petrol",72200,2016
"Toyota","AYGO x-press Hatchback",7113,"Manual","Petrol",48006,2017
"Toyota","Yaris Icon Hatchback",7135,"Manual","Petrol",42765,2016
"Toyota","AYGO x-cite Hatchback",7290,"Manual","Petrol",27480,2014
"Toyota","AYGO x-play Hatchback",7299,"Manual","Petrol",53100,2019
"Toyota","Yaris Icon Hatchback",7299,"Manual","Petrol",55663,2015
"Toyota","Yaris Icon Hatchback",7485,"Manual","Petrol",66066,2015
"Toyota","AYGO x-play Hatchback",7485,"Manual","Petrol",37601,2018
"Toyota","AYGO x-pression Hatchback",7495,"Manual","Petrol",33248,2016
"Toyota","AYGO x-style Hatchback",7495,"Manual","Petrol",34410,2017
"Toyota","AYGO Fire Hatchback",7498,"Automatic","Petrol",35100,2013
"Toyota","AYGO x-pression Hatchback",7500,"Manual","Petrol",25000,2015
"Toyota","AYGO x-press Hatchback",7500,"Manual","Petrol",46652,2018
"Toyota","AYGO x-press Hatchback",7500,"Manual","Petrol",43446,2017
"Toyota","AYGO x-style Hatchback",7500,"Manual","Petrol",41705,2018
"Toyota","AYGO x-play Hatchback",7699,"Manual","Petrol",33584,2018
"Toyota","Yaris Icon Hatchback",7703,"Manual","Petrol",50412,2016
"Toyota","Yaris Sport Hatchback",7747,"Manual","Petrol",58781,2016
"Toyota","AYGO x-cite 3 Hatchback",7750,"Manual","Petrol",39257,2016
"Toyota","Yaris Icon Hatchback",7795,"Manual","Petrol",41235,2015
"Toyota","Yaris Design Hatchback",7946,"Manual","Petrol",26877,2017
"Toyota","Yaris Icon Hatchback",7950,"Manual","Petrol",48000,2015
"Toyota","Yaris Icon Plus Hatchback",7961,"Automatic","Petrol",73000,2014
"Toyota","Auris Excel Estate",7985,"Manual","Petrol",41235,2015
"Toyota","AYGO x-play Hatchback",7985,"Manual","Petrol",32780,2019
"Toyota","AYGO x-play Hatchback",7985,"Manual","Petrol",34490,2019
"Toyota","AYGO x-cite 4 Hatchback",7990,"Manual","Petrol",31536,2018
"Toyota","AYGO x-clusiv3 Hatchback",7995,"Manual","Petrol",52232,2017
"Toyota","AYGO x-plore Hatchback",7999,"Manual","Petrol",44423,2019
"Toyota","AYGO x-play Hatchback",8000,"Manual","Petrol",53382,2020
"Toyota","AYGO x Hatchback",8000,"Manual","Petrol",35203,2020
"Toyota","AYGO x-play Hatchback",8000,"Manual","Petrol",37265,2019
"Toyota","Auris Icon Hatchback",8000,"Manual","Petrol",15951,2013
"Toyota","AYGO x-play Hatchback",8135,"Manual","Petrol",37000,2019
"Toyota","AYGO x-press Hatchback",8190,"Manual","Petrol",28309,2017
"Toyota","Prius T Spirit Hatchback",8200,"Automatic","Petrol",65554,2010
"Toyota","AYGO x-trend Hatchback",8200,"Manual","Petrol",43842,2019
"Toyota","AYGO x-cite Hatchback",8229,"Manual","Petrol",23515,2015
"Toyota","AYGO x-play Hatchback",8245,"Manual","Petrol",34500,2019
"Toyota","AYGO x-style Hatchback",8250,"Manual","Petrol",27049,2018
"Toyota","AYGO x-play Hatchback",8252,"Manual","Petrol",32386,2019
"Toyota","AYGO x-claim Hatchback",8295,"Manual","Petrol",40627,2018
"Toyota","AYGO x-style Hatchback",8298,"Manual","Petrol",30409,2017
"Toyota","AYGO x Hatchback",8395,"Manual","Petrol",19711,2020
"Toyota","AYGO x-trend Hatchback",8395,"Manual","Petrol",52068,2019
"Toyota","AYGO x-pression Hatchback",8395,"Manual","Petrol",26877,2016
"Toyota","AYGO x-plore Hatchback",8398,"Manual","Petrol",34899,2018
"Toyota","AYGO x-cite Hatchback",8398,"Manual","Petrol",29523,2016
"Toyota","AYGO x-plore Hatchback",8417,"Manual","Petrol",31079,2018
"Toyota","AYGO x-plore Hatchback",8450,"Manual","Petrol",41251,2018
"Toyota","Auris Icon Estate",8485,"Automatic","Petrol",54856,2014
"Toyota","Yaris Icon Hatchback",8485,"Automatic","Petrol",60924,2014
"Toyota","AYGO x-clusiv Hatchback",8495,"Manual","Petrol",55805,2018
"Toyota","AYGO x-plore Hatchback",8499,"Manual","Petrol",28165,2018
"Toyota","Yaris Icon Hatchback",8537,"Manual","Petrol",61573,2017
"Toyota","Yaris Icon Hatchback",8590,"Manual","Petrol",52601,2017
"Toyota","AYGO x-press Hatchback",8595,"Manual","Petrol",37004,2018
"Toyota","Yaris Icon Hatchback",8599,"Manual","Petrol",24767,2015
"Toyota","AYGO x-plore Hatchback",8605,"Manual","Petrol",23111,2018
"Toyota","AYGO x-press Hatchback",8690,"Manual","Petrol",22412,2018
"Toyota","AYGO x-play Hatchback",8698,"Manual","Petrol",23159,2020
"Toyota","AYGO x-plore Hatchback",8791,"Manual","Petrol",24909,2019
"Toyota","Yaris TR Hatchback",8795,"Automatic","Petrol",31657,2012
"Toyota","AYGO x-play Hatchback",8795,"Manual","Petrol",42692,2021
"Toyota","Yaris Icon Hatchback",8795,"Manual","Petrol",33787,2015
"Toyota","AYGO x-trend Hatchback",8825,"Manual","Petrol",41895,2020
"Toyota","AYGO x-press Hatchback",8826,"Manual","Petrol",22000,2018
"Toyota","AYGO x-play Hatchback",8850,"Manual","Petrol",29797,2020
"Toyota","Yaris Icon Tech Hatchback",8873,"Manual","Petrol",69896,2018
"Toyota","AYGO x-play Hatchback",8878,"Manual","Petrol",24049,2020
"Toyota","Yaris Icon Hatchback",8879,"Manual","Petrol",60457,2019
"Toyota","Yaris Design Hatchback",8895,"Manual","Petrol",39892,2017
"Toyota","Yaris Design Hatchback",8925,"Manual","Petrol",76596,2018
"Toyota","Yaris T4 Hatchback",8942,"Automatic","Petrol",47286,2013
"Toyota","AYGO x-trend Hatchback",8984,"Manual","Petrol",30206,2019
"Toyota","Yaris Icon Tech Hatchback",8985,"Manual","Petrol",63056,2017
"Toyota","AYGO x-style Hatchback",8985,"Manual","Petrol",31090,2018
"Toyota","Yaris Icon Hatchback",8990,"Manual","Petrol",57098,2018
"Toyota","AYGO x-trend Hatchback",8990,"Manual","Petrol",33727,2019
"Toyota","AYGO x-play Hatchback",8995,"Manual","Petrol",32211,2021
"Toyota","AYGO x-play Hatchback",8995,"Manual","Petrol",31508,2021
"Toyota","RAV4 Icon SUV",8995,"Automatic","Diesel",33248,2014
"Toyota","Yaris Excel Hatchback",8995,"Automatic","Petrol",67651,2015
"Toyota","Yaris T4 Hatchback",8995,"Automatic","Petrol",55581,2013
"Toyota","Yaris T Spirit Hatchback",8995,"Automatic","Petrol",42765,2013
"Toyota","AYGO x-press Hatchback",8995,"Manual","Petrol",23921,2017
"Toyota","Yaris Excel Hatchback",8995,"Automatic","Petrol",66168,2017
"Toyota","AYGO x-trend Hatchback",8995,"Manual","Petrol",28450,2019
"Toyota","AYGO x-cite Hatchback",8999,"Manual","Petrol",61635,2019
"Toyota","AYGO x-trend Hatchback",9090,"Manual","Petrol",38416,2019
"Toyota","AYGO x-press Hatchback",9100,"Manual","Petrol",11049,2018
"Toyota","AYGO x-play Hatchback",9190,"Manual","Petrol",20771,2020
"Toyota","AYGO x-play Hatchback",9195,"Manual","Petrol",32202,2021
"Toyota","AYGO x-trend Hatchback",9195,"Manual","Petrol",27000,2019
"Toyota","AYGO x-play Hatchback",9199,"Manual","Petrol",21637,2020
"Toyota","AYGO x-play Hatchback",9216,"Manual","Petrol",28900,2020
"Toyota","AYGO x-trend Hatchback",9241,"Manual","Petrol",25849,2019
"Toyota","AYGO x-trend Hatchback",9247,"Manual","Petrol",38740,2019
"Toyota","Yaris Icon Hatchback",9250,"Manual","Petrol",49511,2018
"Toyota","AYGO x-clusiv Hatchback",9250,"Manual","Petrol",36443,2019
"Toyota","AYGO x-play Hatchback",9264,"Manual","Petrol",42145,2021
"Toyota","AYGO x-play Hatchback",9279,"Manual","Petrol",25476,2021
"Toyota","AYGO x-press Hatchback",9295,"Manual","Petrol",26506,2018
"Toyota","AYGO x-claim Hatchback",9298,"Manual","Petrol",16667,2017
"Toyota","Yaris Design Hatchback",9299,"Manual","Petrol",61388,2017
"Toyota","AYGO x-trend Hatchback",9300,"Manual","Petrol",15094,2019
"Toyota","AYGO x-play Hatchback",9343,"Manual","Petrol",40353,2022
"Toyota","Yaris Icon Tech Hatchback",9395,"Manual","Petrol",48543,2018
"Toyota","Yaris Icon Tech Hatchback",9395,"Manual","Petrol",65300,2019
"Toyota","AYGO x-clusiv Hatchback",9399,"Manual","Petrol",19132,2018
"Toyota","Yaris Trend Hatchback",9420,"Automatic","Petrol",54763,2013
"Toyota","AYGO x-trend Hatchback",9449,"Manual","Petrol",32065,2019
"Toyota","Yaris Icon Tech Hatchback",9450,"Manual","Petrol",46827,2018
"Toyota","AYGO x-trend Hatchback",9470,"Manual","Petrol",38100,2019
"Toyota","Yaris T Spirit Hatchback",9485,"Automatic","Petrol",31267,2012
"Toyota","Yaris Icon Plus Hatchback",9485,"Automatic","Petrol",64471,2014
"Toyota","AYGO x-trend Hatchback",9485,"Manual","Petrol",29669,2020
"Toyota","Yaris Design Hatchback",9489,"Manual","Petrol",51700,2018
"Toyota","Yaris Icon Hatchback",9495,"Automatic","Petrol",37888,2015
"Toyota","AYGO x-play Hatchback",9495,"Manual","Petrol",11073,2020
"Toyota","AYGO x-trend Hatchback",9495,"Manual","Petrol",43787,2022
"Toyota","Yaris TR Hatchback",9495,"Automatic","Petrol",22108,2013
"Toyota","AYGO x-trend Hatchback",9495,"Manual","Petrol",42559,2022
"Toyota","Yaris Icon Hatchback",9495,"Manual","Petrol",35602,2017
"Toyota","Yaris Icon Plus Hatchback",9495,"Automatic","Petrol",28330,2014
"Toyota","Yaris Icon Hatchback",9495,"Manual","Petrol",55807,2019
"Toyota","AYGO x-cite Hatchback",9495,"Manual","Petrol",35170,2019
"Toyota","Yaris Icon Tech Hatchback",9498,"Manual","Petrol",53834,2018
"Toyota","AYGO x-trend Hatchback",9499,"Manual","Petrol",52000,2021
"Toyota","AYGO x-plore Hatchback",9499,"Manual","Petrol",28252,2018
"Toyota","AYGO x-play Hatchback",9499,"Manual","Petrol",38649,2021
"Toyota","AYGO x-trend Hatchback",9500,"Manual","Petrol",22956,2019
"Toyota","AYGO x-play Hatchback",9552,"Manual","Petrol",29036,2020
"Toyota","Avensis Business Edition Estate",9556,"Automatic","Petrol",74689,2016
"Toyota","AYGO x-play Hatchback",9595,"Manual","Petrol",21150,2021
"Toyota","AYGO x-trend Hatchback",9595,"Manual","Petrol",31220,2021
"Toyota","AYGO x-play Hatchback",9626,"Manual","Petrol",34189,2021
"Toyota","Yaris Excel Hatchback",9645,"Automatic","Petrol",38826,2015
"Toyota","AYGO x-play Hatchback",9650,"Manual","Petrol",25601,2021
"Toyota","Yaris TR Hatchback",9650,"Automatic","Petrol",19033,2013
"Toyota","AYGO x-cite Hatchback",9654,"Manual","Petrol",50479,2020
"Toyota","Yaris Icon Hatchback",9690,"Manual","Petrol",30000,2017
"Toyota","AYGO x-play Hatchback",9695,"Manual","Petrol",17839,2021
"Toyota","AYGO x-trend Hatchback",9695,"Manual","Petrol",18254,2019
"Toyota","AYGO x-plore Hatchback",9720,"Manual","Petrol",26897,2018
"Toyota","AYGO x-cite Hatchback",9734,"Manual","Petrol",17053,2018
"Toyota","AYGO x-trend Hatchback",9790,"Manual","Petrol",33306,2021
"Toyota","AYGO x-trend Hatchback",9795,"Manual","Petrol",27821,2020
"Toyota","AYGO x-trend Hatchback",9801,"Manual","Petrol",28539,2021
"Toyota","AYGO x-play Hatchback",9817,"Manual","Petrol",22515,2021
"Toyota","Auris Excel Hatchback",9822,"Automatic","Petrol",50812,2013
"Toyota","AYGO x-cite Hatchback",9827,"Manual","Petrol",18139,2019
"Toyota","AYGO x-pression Hatchback",9846,"Automatic","Petrol",21586,2014
"Toyota","Yaris Icon Hatchback",9850,"Manual","Petrol",30446,2018
"Toyota","Yaris Icon Hatchback",9866,"Manual","Petrol",48218,2018
"Toyota","AYGO x-trend Hatchback",9884,"Manual","Petrol",30184,2021
"Toyota","AYGO x-play Hatchback",9923,"Manual","Petrol",13459,2021
"Toyota","AYGO x-trend Hatchback",9926,"Manual","Petrol",32735,2020
"Toyota","AYGO x-trend Hatchback",9954,"Manual","Petrol",31000,2020
"Toyota","AYGO x-play Hatchback",9985,"Manual","Petrol",10833,2022
"Toyota","Yaris Excel Hatchback",9985,"Automatic","Petrol",66168,2016
"Toyota","AYGO x-trend Hatchback",9985,"Manual","Petrol",34517,2021
"Toyota","AYGO x-play Hatchback",9990,"Automatic","Petrol",32470,2019
"Toyota","Auris Icon Plus Hatchback",9990,"Automatic","Petrol",41901,2015
"Toyota","AYGO x-play Hatchback",9991,"Manual","Petrol",23015,2021
"Toyota","AYGO x-trend Hatchback",9991,"Manual","Petrol",16551,2020
"Toyota","AYGO x-trend Hatchback",9992,"Manual","Petrol",18213,2021
"Toyota","AYGO x-trend Hatchback",9992,"Manual","Petrol",41733,2021
"Toyota","Auris Icon Tech Hatchback",9995,"Manual","Petrol",64136,2018
"Toyota","Yaris Icon Tech Hatchback",9995,"Manual","Petrol",50004,2019
"Toyota","Yaris Design Hatchback",9995,"Manual","Petrol",28097,2017
"Toyota","Auris Excel Hatchback",9995,"Automatic","Petrol",76449,2015
"Toyota","Yaris Icon Hatchback",9995,"Manual","Diesel",34347,2016
"Toyota","AYGO x-play Hatchback",9995,"Manual","Petrol",11000,2021
"Toyota","Yaris Icon Tech Hatchback",9995,"Manual","Petrol",42810,2018
"Toyota","Yaris Icon Tech Hatchback",9995,"Manual","Petrol",37236,2019
"Toyota","AYGO x-trend Hatchback",9995,"Manual","Petrol",17673,2020
"Toyota","Yaris Excel Hatchback",9995,"Manual","Petrol",43494,2017
"Toyota","Auris Business Edition Hatchback",9995,"Manual","Petrol",42848,2016
"Toyota","AYGO x-play Hatchback",9995,"Manual","Petrol",24698,2021
"Toyota","AYGO x-clusiv Hatchback",9995,"Manual","Petrol",43811,2019
"Toyota","AYGO x-trend Hatchback",9995,"Manual","Petrol",31000,2019
"Toyota","Yaris Icon Hatchback",9995,"Manual","Petrol",53793,2019
"Toyota","AYGO x-trend Hatchback",9996,"Manual","Petrol",13144,2019
"Toyota","AYGO x-trend Hatchback",9998,"Manual","Petrol",22788,2019
"Toyota","AYGO x-trend Hatchback",9998,"Manual","Petrol",38839,2021
"Toyota","AYGO x-trend Hatchback",9998,"Manual","Petrol",32772,2021
"Toyota","AYGO x-trend Hatchback",9999,"Manual","Petrol",24644,2020
"Toyota","AYGO x-trend Hatchback",9999,"Manual","Petrol",15332,2019
"Toyota","AYGO x-trend Hatchback",9999,"Manual","Petrol",20909,2021
"Toyota","AYGO x-trend Hatchback",10006,"Manual","Petrol",38351,2020
"Toyota","AYGO x-trend Hatchback",10041,"Manual","Petrol",23200,2020
"Toyota","AYGO x-trend Hatchback",10049,"Manual","Petrol",24634,2020
"Toyota","AYGO x-clusiv Hatchback",10109,"Manual","Petrol",30552,2019
"Toyota","AYGO x-trend Hatchback",10112,"Manual","Petrol",33744,2022
"Toyota","AYGO x-trend Hatchback",10115,"Manual","Petrol",44763,2021
"Toyota","AYGO x-trend Hatchback",10129,"Manual","Petrol",34703,2022
"Toyota","AYGO x-cite Hatchback",10150,"Manual","Petrol",23999,2019
"Toyota","Yaris Icon Tech Hatchback",10167,"Manual","Petrol",48159,2019
"Toyota","Yaris Icon Tech Hatchback",10195,"Automatic","Petrol",64054,2018
"Toyota","Yaris Icon Hatchback",10195,"Manual","Petrol",40707,2019
"Toyota","AYGO x-clusiv Hatchback",10200,"Manual","Petrol",24829,2018
"Toyota","AYGO x-trend Hatchback",10200,"Manual","Petrol",18257,2021
"Toyota","Yaris Excel Hatchback",10229,"Automatic","Petrol",47068,2015
"Toyota","AYGO x-play Hatchback",10232,"Manual","Petrol",19568,2022
"Toyota","Yaris Icon Tech Hatchback",10233,"Manual","Petrol",30423,2017
"Toyota","Auris Icon Hatchback",10250,"Automatic","Petrol",27797,2015
"Toyota","AYGO x-trend Hatchback",10250,"Manual","Petrol",26154,2021
"Toyota","Yaris Hatchback",10250,"Automatic","Petrol",70141,2017
"Toyota","AYGO x-play Hatchback",10265,"Manual","Petrol",16443,2021
"Toyota","Yaris Icon Hatchback",10285,"Manual","Petrol",21039,2019
"Toyota","Yaris Icon Hatchback",10290,"Manual","Petrol",45732,2019
"Toyota","AYGO x-trend Hatchback",10290,"Manual","Petrol",31566,2021
"Toyota","AYGO JBL Edition Hatchback",10291,"Manual","Petrol",30946,2020
"Toyota","AYGO x-trend Hatchback",10295,"Manual","Petrol",12488,2020
"Toyota","AYGO x-press Hatchback",10295,"Automatic","Petrol",26246,2018
"Toyota","C-HR Icon SUV",10295,"Manual","Petrol",67372,2017
"Toyota","AYGO x-trend Hatchback",10295,"Manual","Petrol",22053,2021
"Toyota","AYGO x-trend Hatchback",10295,"Manual","Petrol",51792,2021
"Toyota","AYGO x-play Hatchback",10320,"Manual","Petrol",6128,2021
"Toyota","Auris Excel Hatchback",10345,"Automatic","Petrol",46124,2014
"Toyota","Yaris Icon Tech Hatchback",10378,"Manual","Petrol",40159,2019
"Toyota","AYGO x-play Hatchback",10390,"Manual","Petrol",6567,2021
"Toyota","AYGO x-trend Hatchback",10395,"Manual","Petrol",28977,2021
"Toyota","AYGO x-cite Hatchback",10395,"Manual","Petrol",20277,2019
"Toyota","AYGO x-trend Hatchback",10401,"Manual","Petrol",19582,2021
"Toyota","AYGO x-trend Hatchback",10407,"Manual","Petrol",32167,2021
"Toyota","AYGO JBL Edition Hatchback",10412,"Manual","Petrol",23992,2020
"Toyota","AYGO x-cite Hatchback",10417,"Manual","Petrol",29480,2019
"FORD","FOCUSST-Line",10295,"Manual","Petrol",22053,2024
"FORD","FOCUSTitanium",10295,"Manual","Petrol",51792,2024
"FORD","FOCUSTitanium",10320,"Manual","Petrol",6128,2024
"FORD","FOCUSST-Line",10345,"Automatic","Petrol",46124,2024
"FORD","FOCUSST-Line",10378,"Manual","Petrol",40159,2024
"FORD","PUMAST-Line X",10390,"Manual","Petrol",6567,2024
"FORD","FOCUSActive X",10395,"Manual","Petrol",28977,2024
"FORD","FOCUSTitanium X Edition",10395,"Manual","Petrol",20277,2024
"FORD","FOCUSTitanium X Edition",10401,"Manual","Petrol",19582,2024
"FORD","FOCUSTitanium X Edition",10407,"Manual","Petrol",32167,2024
"FORD","PUMAST-Line X",10412,"Manual","Petrol",23992,2024
"FORD","FOCUSActive X",10417,"Manual","Petrol",29480,2024
"FORD","FOCUSST-Line",10295,"Manual","Petrol",22053,2024
"FORD","FOCUSTitanium",10295,"Manual","Petrol",51792,2024
"FORD","FOCUSTitanium",10320,"Manual","Petrol",6128,2024
"FORD","FOCUSST-Line",10345,"Automatic","Petrol",46124,2024
"FORD","FOCUSST-Line",10378,"Manual","Petrol",40159,2024
"FORD","PUMAST-Line X",10390,"Manual","Petrol",6567,2024
"FORD","FOCUSActive X",10395,"Manual","Petrol",28977,2024
"FORD","FOCUSTitanium X Edition",10395,"Manual","Petrol",20277,2024
"FORD","FOCUSTitanium X Edition",10401,"Manual","Petrol",19582,2024
"FORD","FOCUSTitanium X Edition",10407,"Manual","Petrol",32167,2024
"FORD","PUMAST-Line X",10412,"Manual","Petrol",23992,2024
"FORD","FOCUSActive X",10417,"Manual","Petrol",29480,2024
"FORD","FOCUSST-Line",10295,"Manual","Petrol",22053,2024
"FORD","FOCUSTitanium",10295,"Manual","Petrol",51792,2024
"FORD","FOCUSTitanium",10320,"Manual","Petrol",6128,2024
"FORD","FOCUSST-Line",10345,"Automatic","Petrol",46124,2024
"FORD","FOCUSST-Line",10378,"Manual","Petrol",40159,2024
"FORD","PUMAST-Line X",10390,"Manual","Petrol",6567,2024
"FORD","FOCUSActive X",10395,"Manual","Petrol",28977,2024
"FORD","FOCUSTitanium X Edition",10395,"Manual","Petrol",20277,2024
"FORD","FOCUSTitanium X Edition",10401,"Manual","Petrol",19582,2024
"FORD","FOCUSTitanium X Edition",10407,"Manual","Petrol",32167,2024
"FORD","PUMAST-Line X",10412,"Manual","Petrol",23992,2024
"FORD","FOCUSActive X",10417,"Manual","Petrol",29480,2024
"FORD","FOCUSST-Line",10295,"Manual","Petrol",22053,2024
"FORD","FOCUSTitanium",10295,"Manual","Petrol",51792,2024
"FORD","FOCUSTitanium",10320,"Manual","Petrol",6128,2024
"FORD","FOCUSST-Line",10345,"Automatic","Petrol",46124,2024
"FORD","FOCUSST-Line",10378,"Manual","Petrol",40159,2024
"FORD","PUMAST-Line X",10390,"Manual","Petrol",6567,2024
"FORD","FOCUSActive X",10395,"Manual","Petrol",28977,2024
"FORD","FOCUSTitanium X Edition",10395,"Manual","Petrol",20277,2024
"FORD","FOCUSTitanium X Edition",10401,"Manual","Petrol",19582,2024
"FORD","FOCUSTitanium X Edition",10407,"Manual","Petrol",32167,2024
"FORD","PUMAST-Line X",10412,"Manual","Petrol",23992,2024
"FORD","FOCUSActive X",10417,"Manual","Petrol",29480,2024
"FORD","FOCUSST-Line",10295,"Manual","Petrol",22053,2024
"FORD","FOCUSTitanium",10295,"Manual","Petrol",51792,2024
"FORD","FOCUSTitanium",10320,"Manual","Petrol",6128,2024
"FORD","FOCUSST-Line",10345,"Automatic","Petrol",46124,2024
"FORD","FOCUSST-Line",10378,"Manual","Petrol",40159,2024
"FORD","PUMAST-Line X",10390,"Manual","Petrol",6567,2024
"FORD","FOCUSActive X",10395,"Manual","Petrol",28977,2024
"FORD","FOCUSTitanium X Edition",10395,"Manual","Petrol",20277,2024
"FORD","FOCUSTitanium X Edition",10401,"Manual","Petrol",19582,2024
"FORD","FOCUSTitanium X Edition",10407,"Manual","Petrol",32167,2024
"FORD","PUMAST-Line X",10412,"Manual","Petrol",23992,2024
"FORD","FOCUSActive X",10417,"Manual","Petrol",29480,2024
"FORD","FOCUSST-Line",10295,"Manual","Petrol",22053,2024
"FORD","FOCUSTitanium",10295,"Manual","Petrol",51792,2024
"FORD","FOCUSTitanium",10320,"Manual","Petrol",6128,2024
"FORD","FOCUSST-Line",10345,"Automatic","Petrol",46124,2024
"FORD","FOCUSST-Line",10378,"Manual","Petrol",40159,2024
"FORD","PUMAST-Line X",10390,"Manual","Petrol",6567,2024
"FORD","FOCUSActive X",10395,"Manual","Petrol",28977,2024
"FORD","FOCUSTitanium X Edition",10395,"Manual","Petrol",20277,2024
"FORD","FOCUSTitanium X Edition",10401,"Manual","Petrol",19582,2024
"FORD","FOCUSTitanium X Edition",10407,"Manual","Petrol",32167,2024
"FORD","PUMAST-Line X",10412,"Manual","Petrol",23992,2024
"FORD","FOCUSActive X",10417,"Manual","Petrol",29480,2024
"FORD","FOCUSST-Line",10295,"Manual","Petrol",22053,2024
"FORD","FOCUSTitanium",10295,"Manual","Petrol",51792,2024
"FORD","FOCUSTitanium",10320,"Manual","Petrol",6128,2024
"FORD","FOCUSST-Line",10345,"Automatic","Petrol",46124,2024
"FORD","FOCUSST-Line",10378,"Manual","Petrol",40159,2024
"FORD","PUMAST-Line X",10390,"Manual","Petrol",6567,2024
"FORD","FOCUSActive X",10395,"Manual","Petrol",28977,2024
"FORD","FOCUSTitanium X Edition",10395,"Manual","Petrol",20277,2024
"FORD","FOCUSTitanium X Edition",10401,"Manual","Petrol",19582,2024
"FORD","FOCUSTitanium X Edition",10407,"Manual","Petrol",32167,2024
"FORD","PUMAST-Line X",10412,"Manual","Petrol",23992,2024
"FORD","FOCUSActive X",10417,"Manual","Petrol",29480,2024
"FORD","FOCUSST-Line",10295,"Manual","Petrol",22053,2024
"FORD","FOCUSTitanium",10295,"Manual","Petrol",51792,2024
"FORD","FOCUSTitanium",10320,"Manual","Petrol",6128,2024
"FORD","FOCUSST-Line",10345,"Automatic","Petrol",46124,2024
"FORD","FOCUSST-Line",10378,"Manual","Petrol",40159,2024
"FORD","PUMAST-Line X",10390,"Manual","Petrol",6567,2024
"FORD","FOCUSActive X",10395,"Manual","Petrol",28977,2024
"FORD","FOCUSTitanium X Edition",10395,"Manual","Petrol",20277,2024
"FORD","FOCUSTitanium X Edition",10401,"Manual","Petrol",19582,2024
"FORD","FOCUSTitanium X Edition",10407,"Manual","Petrol",32167,2024
"FORD","PUMAST-Line X",10412,"Manual","Petrol",23992,2024
"FORD","FOCUSActive X",10417,"Manual","Petrol",29480,2024
"FORD","FOCUSST-Line",10295,"Manual","Petrol",22053,2024
"FORD","FOCUSTitanium",10295,"Manual","Petrol",51792,2024
"FORD","FOCUSTitanium",10320,"Manual","Petrol",6128,2024
"FORD","FOCUSST-Line",10345,"Automatic","Petrol",46124,2024
"FORD","FOCUSST-Line",10378,"Manual","Petrol",40159,2024
"FORD","PUMAST-Line X",10390,"Manual","Petrol",6567,2024
"FORD","FOCUSActive X",10395,"Manual","Petrol",28977,2024
"FORD","FOCUSTitanium X Edition",10395,"Manual","Petrol",20277,2024
"FORD","FOCUSTitanium X Edition",10401,"Manual","Petrol",19582,2024
"FORD","FOCUSTitanium X Edition",10407,"Manual","Petrol",32167,2024
"FORD","PUMAST-Line X",10412,"Manual","Petrol",23992,2024
"FORD","FOCUSActive X",10417,"Manual","Petrol",29480,2024
"FORD","FOCUSST-Line",10295,"Manual","Petrol",22053,2024
"FORD","FOCUSTitanium",10295,"Manual","Petrol",51792,2024
"FORD","FOCUSTitanium",10320,"Manual","Petrol",6128,2024
"FORD","FOCUSST-Line",10345,"Automatic","Petrol",46124,2024
"FORD","FOCUSST-Line",10378,"Manual","Petrol",40159,2024
"FORD","PUMAST-Line X",10390,"Manual","Petrol",6567,2024
"FORD","FOCUSActive X",10395,"Manual","Petrol",28977,2024
"FORD","FOCUSTitanium X Edition",10395,"Manual","Petrol",20277,2024
"FORD","FOCUSTitanium X Edition",10401,"Manual","Petrol",19582,2024
"FORD","FOCUSTitanium X Edition",10407,"Manual","Petrol",32167,2024
"FORD","PUMAST-Line X",10412,"Manual","Petrol",23992,2024
"FORD","FOCUSActive X",10417,"Manual","Petrol",29480,2024
"FORD","FOCUSST-Line",10295,"Manual","Petrol",22053,2024
"FORD","FOCUSTitanium",10295,"Manual","Petrol",51792,2024
"FORD","FOCUSTitanium",10320,"Manual","Petrol",6128,2024
"FORD","FOCUSST-Line",10345,"Automatic","Petrol",46124,2024
"FORD","FOCUSST-Line",10378,"Manual","Petrol",40159,2024
"FORD","PUMAST-Line X",10390,"Manual","Petrol",6567,2024
"FORD","FOCUSActive X",10395,"Manual","Petrol",28977,2024
"FORD","FOCUSTitanium X Edition",10395,"Manual","Petrol",20277,2024
"FORD","FOCUSTitanium X Edition",10401,"Manual","Petrol",19582,2024
"FORD","FOCUSTitanium X Edition",10407,"Manual","Petrol",32167,2024
"FORD","PUMAST-Line X",10412,"Manual","Petrol",23992,2024
"FORD","FOCUSActive X",10417,"Manual","Petrol",29480,2024
"FORD","FOCUSST-Line",10295,"Manual","Petrol",22053,2024
"FORD","FOCUSTitanium",10295,"Manual","Petrol",51792,2024
"FORD","FOCUSTitanium",10320,"Manual","Petrol",6128,2024
"FORD","FOCUSST-Line",10345,"Automatic","Petrol",46124,2024
"FORD","FOCUSST-Line",10378,"Manual","Petrol",40159,2024
"FORD","PUMAST-Line X",10390,"Manual","Petrol",6567,2024
"FORD","FOCUSActive X",10395,"Manual","Petrol",28977,2024
"FORD","FOCUSTitanium X Edition",10395,"Manual","Petrol",20277,2024
"FORD","FOCUSTitanium X Edition",10401,"Manual","Petrol",19582,2024
"FORD","FOCUSTitanium X Edition",10407,"Manual","Petrol",32167,2024
"FORD","PUMAST-Line X",10412,"Manual","Petrol",23992,2024
"FORD","FOCUSActive X",10417,"Manual","Petrol",29480,2024
"FORD","FOCUSST-Line",10295,"Manual","Petrol",22053,2024
"FORD","FOCUSTitanium",10295,"Manual","Petrol",51792,2024
"FORD","FOCUSTitanium",10320,"Manual","Petrol",6128,2024
"FORD","FOCUSST-Line",10345,"Automatic","Petrol",46124,2024
"FORD","FOCUSST-Line",10378,"Manual","Petrol",40159,2024
"FORD","PUMAST-Line X",10390,"Manual","Petrol",6567,2024
"FORD","FOCUSActive X",10395,"Manual","Petrol",28977,2024
"FORD","FOCUSTitanium X Edition",10395,"Manual","Petrol",20277,2024
"FORD","FOCUSTitanium X Edition",10401,"Manual","Petrol",19582,2024
"FORD","FOCUSTitanium X Edition",10407,"Manual","Petrol",32167,2024
"FORD","PUMAST-Line X",10412,"Manual","Petrol",23992,2024
"FORD","FOCUSActive X",10417,"Manual","Petrol",29480,2024
"FORD","FOCUSST-Line",10295,"Manual","Petrol",22053,2024
"FORD","FOCUSTitanium",10295,"Manual","Petrol",51792,2024
"FORD","FOCUSTitanium",10320,"Manual","Petrol",6128,2024
"FORD","FOCUSST-Line",10345,"Automatic","Petrol",46124,2024
"FORD","FOCUSST-Line",10378,"Manual","Petrol",40159,2024
"FORD","PUMAST-Line X",10390,"Manual","Petrol",6567,2024
"FORD","FOCUSActive X",10395,"Manual","Petrol",28977,2024
"FORD","FOCUSTitanium X Edition",10395,"Manual","Petrol",20277,2024
"FORD","FOCUSTitanium X Edition",10401,"Manual","Petrol",19582,2024
"FORD","FOCUSTitanium X Edition",10407,"Manual","Petrol",32167,2024
"FORD","PUMAST-Line X",10412,"Manual","Petrol",23992,2024
"FORD","FOCUSActive X",10417,"Manual","Petrol",29480,2024
"FORD","FOCUSST-Line",10295,"Manual","Petrol",22053,2024
"FORD","FOCUSTitanium",10295,"Manual","Petrol",51792,2024
"FORD","FOCUSTitanium",10320,"Manual","Petrol",6128,2024
"FORD","FOCUSST-Line",10345,"Automatic","Petrol",46124,2024
"FORD","FOCUSST-Line",10378,"Manual","Petrol",40159,2024
"FORD","PUMAST-Line X",10390,"Manual","Petrol",6567,2024
"FORD","FOCUSActive X",10395,"Manual","Petrol",28977,2024
"FORD","FOCUSTitanium X Edition",10395,"Manual","Petrol",20277,2024
"FORD","FOCUSTitanium X Edition",10401,"Manual","Petrol",19582,2024
"FORD","FOCUSTitanium X Edition",10407,"Manual","Petrol",32167,2024
"FORD","PUMAST-Line X",10412,"Manual","Petrol",23992,2024
"FORD","FOCUSActive X",10417,"Manual","Petrol",29480,2024
"FORD","FOCUSST-Line",10295,"Manual","Petrol",22053,2024
"FORD","FOCUSTitanium",10295,"Manual","Petrol",51792,2024
"FORD","FOCUSTitanium",10320,"Manual","Petrol",6128,2024
"FORD","FOCUSST-Line",10345,"Automatic","Petrol",46124,2024
"FORD","FOCUSST-Line",10378,"Manual","Petrol",40159,2024
"FORD","PUMAST-Line X",10390,"Manual","Petrol",6567,2024
"FORD","FOCUSActive X",10395,"Manual","Petrol",28977,2024
"FORD","FOCUSTitanium X Edition",10395,"Manual","Petrol",20277,2024
"FORD","FOCUSTitanium X Edition",10401,"Manual","Petrol",19582,2024
"FORD","FOCUSTitanium X Edition",10407,"Manual","Petrol",32167,2024
"FORD","PUMAST-Line X",10412,"Manual","Petrol",23992,2024
"FORD","FOCUSActive X",10417,"Manual","Petrol",29480,2024
"FORD","FOCUSST-Line",10295,"Manual","Petrol",22053,2024
"FORD","FOCUSTitanium",10295,"Manual","Petrol",51792,2024
"FORD","FOCUSTitanium",10320,"Manual","Petrol",6128,2024
"FORD","FOCUSST-Line",10345,"Automatic","Petrol",46124,2024
"FORD","FOCUSST-Line",10378,"Manual","Petrol",40159,2024
"FORD","PUMAST-Line X",10390,"Manual","Petrol",6567,2024
"FORD","FOCUSActive X",10395,"Manual","Petrol",28977,2024
"FORD","FOCUSTitanium X Edition",10395,"Manual","Petrol",20277,2024
"FORD","FOCUSTitanium X Edition",10401,"Manual","Petrol",19582,2024
"FORD","FOCUSTitanium X Edition",10407,"Manual","Petrol",32167,2024
"FORD","PUMAST-Line X",10412,"Manual","Petrol",23992,2024
"FORD","FOCUSActive X",10417,"Manual","Petrol",29480,2024
"FORD","FOCUSST-Line",10295,"Manual","Petrol",22053,2024
"FORD","FOCUSTitanium",10295,"Manual","Petrol",51792,2024
"FORD","FOCUSTitanium",10320,"Manual","Petrol",6128,2024
"FORD","FOCUSST-Line",10345,"Automatic","Petrol",46124,2024
"FORD","FOCUSST-Line",10378,"Manual","Petrol",40159,2024
"FORD","PUMAST-Line X",10390,"Manual","Petrol",6567,2024
"FORD","FOCUSActive X",10395,"Manual","Petrol",28977,2024
"FORD","FOCUSTitanium X Edition",10395,"Manual","Petrol",20277,2024
"FORD","FOCUSTitanium X Edition",10401,"Manual","Petrol",19582,2024
"FORD","FOCUSTitanium X Edition",10407,"Manual","Petrol",32167,2024
"FORD","PUMAST-Line X",10412,"Manual","Petrol",23992,2024
"FORD","FOCUSActive X",10417,"Manual","Petrol",29480,2024
"FORD","FOCUSST-Line",10295,"Manual","Petrol",22053,2024
"FORD","FOCUSTitanium",10295,"Manual","Petrol",51792,2024
"FORD","FOCUSTitanium",10320,"Manual","Petrol",6128,2024
"FORD","FOCUSST-Line",10345,"Automatic","Petrol",46124,2024
"FORD","FOCUSST-Line",10378,"Manual","Petrol",40159,2024
"FORD","PUMAST-Line X",10390,"Manual","Petrol",6567,2024
"FORD","FOCUSActive X",10395,"Manual","Petrol",28977,2024
"FORD","FOCUSTitanium X Edition",10395,"Manual","Petrol",20277,2024
"FORD","FOCUSTitanium X Edition",10401,"Manual","Petrol",19582,2024
"FORD","FOCUSTitanium X Edition",10407,"Manual","Petrol",32167,2024
"FORD","PUMAST-Line X",10412,"Manual","Petrol",23992,2024
"FORD","FOCUSActive X",10417,"Manual","Petrol",29480,2024
"FORD","FOCUSST-Line",10295,"Manual","Petrol",22053,2024
"FORD","FOCUSTitanium",10295,"Manual","Petrol",51792,2024
"FORD","FOCUSTitanium",10320,"Manual","Petrol",6128,2024
"FORD","FOCUSST-Line",10345,"Automatic","Petrol",46124,2024
"FORD","FOCUSST-Line",10378,"Manual","Petrol",40159,2024
"FORD","PUMAST-Line X",10390,"Manual","Petrol",6567,2024
"FORD","FOCUSActive X",10395,"Manual","Petrol",28977,2024
"FORD","FOCUSTitanium X Edition",10395,"Manual","Petrol",20277,2024
"FORD","FOCUSTitanium X Edition",10401,"Manual","Petrol",19582,2024
"FORD","FOCUSTitanium X Edition",10407,"Manual","Petrol",32167,2024
"FORD","PUMAST-Line X",10412,"Manual","Petrol",23992,2024
"FORD","FOCUSActive X",10417,"Manual","Petrol",29480,2024
"BMW","iX xDrive50 M Sport",69500,"Automatic","electric",10991,2023
"BMW","iX1 xDrive30 M Sport",34000,"Automatic","electric",8000,2023
"BMW","iX1 xDrive30 M Sport",33785,"Automatic","electric",10446,2023
"BMW","i5 eDrive40 M Sport Saloon",39886,"Automatic","electric",9512,2023
"BMW","i7 xDrive60 M Sport",81547,"Automatic","electric",3944,2023
"BMW","iX3 M Sport Pro",38000,"Automatic","electric",8421,2022
"BMW","i7 xDrive60 M Sport",77392,"Automatic","electric",1802,2023
"BMW","i7 xDrive60 M Sport",36000,"Automatic","electric",6593,2024
"BMW","i7 xDrive60 M Sport",69900,"Automatic","electric",7240,2023
"BMW","i7 eDrive50 M Sport",64255,"Automatic","electric",3079,2023
"BMW","i7 eDrive50 M Sport",74850,"Automatic","electric",3715,2024
"BMW","i5 eDrive40 M Sport Pro Saloon",50000,"Automatic","electric",8480,2023
"BMW","i7 xDrive60 Excellence",64000,"Automatic","electric",9758,2022
"BMW","i5 eDrive40 M Sport Pro Saloon",71000,"Automatic","electric",5494,2024
"BMW","i7 xDrive60 M Sport",73989,"Automatic","electric",5235,2023
"BMW","iX xDrive50 M Sport",59888,"Automatic","electric",5209,2024
"BMW","i4 M50",49000,"Automatic","electric",14064,2023
"BMW","iX1 eDrive20 Sport",30000,"Automatic","electric",10466,2024
"BMW","iX1 xDrive30 M Sport",32490,"Automatic","electric",6199,2023
"BMW","i5 eDrive40 M Sport Saloon",43880,"Automatic","electric",3766,2023
"BMW","iX1 eDrive20 M Sport",32988,"Automatic","electric",6941,2024
"BMW","i5 M60 Saloon",82000,"Automatic","electric",2119,2024
"BMW","i5 M60 Saloon",74259,"Automatic","electric",6500,2024
"BMW","iX1 xDrive30 M Sport",35000,"Automatic","electric",11515,2024
"BMW","iX1 xDrive30 xLine",31450,"Automatic","electric",1930,2023
"BMW","iX xDrive50 M Sport",69999,"Automatic","electric",6258,2023
"BMW","i5 eDrive40 M Sport Pro Saloon",41500,"Automatic","electric",8480,2024
"BMW","i5 eDrive40 M Sport Saloon",39900,"Automatic","electric",8140,2024
"BMW","i5 eDrive40 M Sport Pro Saloon",45695,"Automatic","electric",8961,2023
"BMW","i5 M60 Saloon",63495,"Automatic","electric",15000,2023
"BMW","i4 eDrive40 M Sport",41990,"Automatic","electric",14154,2023
"BMW","i5 eDrive40 M Sport Pro Saloon",43995,"Automatic","electric",10659,2023
"BMW","iX1 xDrive30 M Sport",31000,"Automatic","electric",2327,2023
"BMW","i5 eDrive40 M Sport Pro Saloon",45500,"Automatic","electric",10485,2023
"BMW","iX2 xDrive30 M Sport",42000,"Automatic","electric",8010,2024
"BMW","i4 M50",50000,"Automatic","electric",8626,2024
"BMW","iX xDrive50 M Sport",65500,"Automatic","electric",6000,2024
"BMW","iX2 xDrive30 M Sport",35045,"Automatic","electric",6941,2024
"BMW","iX1 eDrive20 M Sport",37000,"Automatic","electric",11252,2024
"BMW","iX1 xDrive30 xLine",31000,"Automatic","electric",14000,2023
"BMW","i7 xDrive60 M Sport",41000,"Automatic","electric",9584,2024
"BMW","i5 eDrive40 M Sport Pro Saloon",52000,"Automatic","electric",8480,2023
"BMW","iX xDrive50 M Sport",55000,"Automatic","electric",3500,2023
"BMW","i7 xDrive60 Excellence Pro",74000,"Automatic","electric",6392,2023
"BMW","iX xDrive50 M Sport",75000,"Automatic","electric",11678,2024
"BMW","iX1 eDrive20 M Sport",35990,"Automatic","electric",6650,2023
"BMW","i5 M60 Saloon",59500,"Automatic","electric",9664,2024
"BMW","iX2 xDrive30 M Sport",45000,"Automatic","electric",13197,2024
"BMW","i5 eDrive40 M Sport Pro Saloon",43000,"Automatic","electric",14746,2023
"BMW","iX1 xDrive30 M Sport",33785,"Automatic","electric",3162,2023
"BMW","i5 M60 Saloon",72000,"Automatic","electric",7057,2024
"BMW","iX1 xDrive30 M Sport",33985,"Automatic","electric",3894,2023
"BMW","iX1 xDrive30 M Sport",35000,"Automatic","electric",3500,2023
"BMW","iX1 xDrive30 M Sport",33785,"Automatic","electric",5557,2023
"BMW","iX xDrive50 M Sport",67500,"Automatic","electric",10844,2024
"BMW","iX xDrive50 M Sport",64990,"Automatic","electric",8000,2024
"BMW","i5 eDrive40 M Sport Saloon",48000,"Automatic","electric",5000,2024
"BMW","i5 eDrive40 M Sport Saloon",44000,"Automatic","electric",10999,2023
"BMW","iX1 xDrive30 M Sport",33785,"Automatic","electric",4904,2023
"BMW","i5 eDrive40 M Sport Pro Saloon",47000,"Automatic","electric",8000,2023
"BMW","iX xDrive40 M Sport",48990,"Automatic","electric",1655,2023
"BMW","iX1 eDrive20 M Sport",32990,"Automatic","electric",5686,2023
"BMW","iX2 xDrive30 M Sport",45990,"Automatic","electric",7913,2024
"BMW","i4 eDrive40 M Sport",36500,"Automatic","electric",6442,2023
"BMW","i5 eDrive40 M Sport Saloon",45890,"Automatic","electric",3283,2023
"BMW","i5 eDrive40 M Sport Pro Saloon",44000,"Automatic","electric",6941,2023
"BMW","i5 M60 Saloon",57900,"Automatic","electric",9556,2023
"BMW","iX2 xDrive30 M Sport",39000,"Automatic","electric",7913,2024
"BMW","iX2 xDrive30 M Sport",46299,"Automatic","electric",2818,2024
"BMW","i5 M60 Saloon",58999,"Automatic","electric",15095,2024
"BMW","iX2 xDrive30 M Sport",40000,"Automatic","electric",10635,2024
"BMW","i4 eDrive35 Sport",33750,"Automatic","electric",12775,2024
"BMW","i5 M60 Saloon",54000,"Automatic","electric",1616,2023
"BMW","iX xDrive50 M Sport",58000,"Automatic","electric",11138,2024
"BMW","iX1 xDrive30 M Sport",32990,"Automatic","electric",8745,2023
"BMW","i5 eDrive40 M Sport Pro Saloon",48890,"Automatic","electric",5801,2023
"BMW","iX2 xDrive30 M Sport",52500,"Automatic","electric",1865,2024
"BMW","iX2 xDrive30 M Sport",42500,"Automatic","electric",13721,2024
"BMW","i5 eDrive40 M Sport Saloon",52699,"Automatic","electric",7681,2024
"BMW","iX1 eDrive20 M Sport",35000,"Automatic","electric",5686,2024
"BMW","iX3 M Sport Pro",48000,"Automatic","electric",8421,2024
"BMW","i5 eDrive40 M Sport Saloon",48990,"Automatic","electric",3022,2024
"BMW","i5 M60 Saloon",69490,"Automatic","electric",2500,2024
"BMW","iX2 xDrive30 M Sport",41335,"Automatic","electric",6822,2024
"BMW","i4 eDrive35 Sport",36000,"Automatic","electric",6000,2024
"BMW","i5 eDrive40 M Sport Touring",56990,"Automatic","electric",6300,2024
"BMW","i5 eDrive40 M Sport Pro Saloon",47895,"Automatic","electric",2729,2023
"BMW","i4 eDrive35 Sport",39000,"Automatic","electric",6000,2024
"BMW","i4 M50",50799,"Automatic","electric",8626,2024
"BMW","iX2 xDrive30 M Sport",42000,"Automatic","electric",14052,2024
"BMW","iX1 xDrive30 M Sport",49950,"Automatic","electric",7018,2024
"BMW","iX xDrive40 M Sport",51000,"Automatic","electric",8454,2024
"BMW","iX1 eDrive20 Sport",32902,"Automatic","electric",5067,2024
"BMW","i4 eDrive35 M Sport",50000,"Automatic","electric",9138,2024
"BMW","iX1 eDrive20 M Sport",35000,"Automatic","electric",8001,2023
"BMW","i5 M60 Saloon",62815,"Automatic","electric",1593,2023
"BMW","i5 eDrive40 M Sport Saloon",40902,"Automatic","electric",6436,2023
"BMW","iX1 eDrive20 M Sport",34498,"Automatic","electric",2300,2023
"BMW","iX2 xDrive30 M Sport",42000,"Automatic","electric",10000,2024
"BMW","i5 eDrive40 M Sport Pro Touring",54000,"Automatic","electric",7900,2024
"BMW","i5 eDrive40 M Sport Pro Touring",50995,"Automatic","electric",11938,2024
"BMW","iX2 xDrive30 M Sport",44000,"Automatic","electric",6001,2024
"BMW","iX1 eDrive20 M Sport",33750,"Automatic","electric",5691,2024
"BMW","iX xDrive40 M Sport",55000,"Automatic","electric",13001,2024
"BMW","iX3 M Sport",43000,"Automatic","electric",5001,2024
"BMW","i5 eDrive40 M Sport Pro Touring",59000,"Automatic","electric",7900,2024
"BMW","iX xDrive40 M Sport",51000,"Automatic","electric",12200,2024
"BMW","i7 eDrive50 M Sport",70000,"Automatic","electric",9000,2024
"BMW","i4 eDrive35 Sport",33990,"Automatic","electric",6610,2024
"BMW","i5 eDrive40 M Sport Pro Touring",53590,"Automatic","electric",12000,2024
"BMW","i5 eDrive40 M Sport Pro Saloon",55000,"Automatic","electric",4917,2024
"BMW","i5 M60 xDrive Touring",61000,"Automatic","electric",16269,2024
"BMW","iX xDrive40 M Sport",58000,"Automatic","electric",6383,2024
"BMW","iX2 xDrive30 M Sport",40000,"Automatic","electric",6414,2024
"BMW","iX2 xDrive30 M Sport",40000,"Automatic","electric",7913,2024
"BMW","iX3 M Sport Pro",48000,"Automatic","electric",8421,2024
"BMW","iX2 xDrive30 M Sport",45000,"Automatic","electric",12232,2024
"BMW","i5 eDrive40 M Sport Pro Saloon",48842,"Automatic","electric",12505,2024
"BMW","iX2 xDrive30 M Sport",40802,"Automatic","electric",2200,2024
"BMW","iX3 M Sport Pro",45950,"Automatic","electric",8421,2024
"BMW","i5 eDrive40 M Sport Saloon",42995,"Automatic","electric",8485,2024
"BMW","iX2 eDrive20 M Sport",35816,"Automatic","electric",3000,2024
"BMW","i5 eDrive40 M Sport Touring",52950,"Automatic","electric",5825,2024
"BMW","i5 eDrive40 M Sport Touring",57990,"Automatic","electric",6000,2024
"BMW","iX2 xDrive30 M Sport",49990,"Automatic","electric",7913,2024
"BMW","i5 eDrive40 M Sport Touring",55500,"Automatic","electric",6000,2024
"BMW","iX xDrive40 M Sport",48000,"Automatic","electric",8454,2023
"BMW","iX M60",59000,"Automatic","electric",3766,2022
"BMW","iX1 eDrive20 M Sport",36898,"Automatic","electric",5295,2023
"BMW","i5 M60 Saloon",64500,"Automatic","electric",6495,2024
"BMW","iX xDrive50 M Sport",61000,"Automatic","electric",16425,2024
"BMW","i5 eDrive40 M Sport Saloon",41800,"Automatic","electric",13954,2024
"BMW","i5 eDrive40 M Sport Pro Saloon",48500,"Automatic","electric",6542,2024
"BMW","iX2 xDrive30 M Sport",36500,"Automatic","electric",9454,2024
"BMW","iX2 xDrive30 M Sport",38400,"Automatic","electric",3251,2024
"BMW","iX2 xDrive30 M Sport",38400,"Automatic","electric",3021,2024
"BMW","iX1 eDrive20 M Sport",42800,"Automatic","electric",6587,2024
"BMW","i5 eDrive40 M Sport Pro Touring",56795,"Automatic","electric",7900,2024
"BMW","iX2 xDrive30 M Sport",39995,"Automatic","electric",9206,2024
"BMW","iX xDrive40 M Sport",48990,"Automatic","electric",10366,2024
"BMW","i5 M60 Saloon",73902,"Automatic","electric",4487,2024
"BMW","iX1 xDrive30 M Sport",33999,"Automatic","electric",3060,2023
"BMW","i5 M60 Saloon",56500,"Automatic","electric",13491,2024
"BMW","i4 eDrive35 Sport",40995,"Automatic","electric",6000,2024
"BMW","iX xDrive50 M Sport",69500,"Automatic","electric",7015,2024
"BMW","i5 M60 Saloon",64892,"Automatic","electric",2749,2024
"BMW","iX2 xDrive30 M Sport",37995,"Automatic","electric",11535,2024
"BMW","i5 eDrive40 M Sport Pro Saloon",48998,"Automatic","electric",12003,2024
"BMW","iX1 eDrive20 M Sport",31990,"Automatic","electric",11360,2024
"BMW","iX1 xDrive30 M Sport",33000,"Automatic","electric",4332,2023
"BMW","i5 eDrive40 M Sport Saloon",57995,"Automatic","electric",7681,2024
"BMW","iX1 xDrive30 M Sport",33318,"Automatic","electric",6117,2023
"BMW","iX2 xDrive30 M Sport",35816,"Automatic","electric",2710,2024
"BMW","iX1 eDrive20 M Sport",34768,"Automatic","electric",1747,2024
"BMW","iX2 xDrive30 M Sport",38464,"Automatic","electric",6398,2024
"BMW","i5 eDrive40 M Sport Pro Saloon",49890,"Automatic","electric",1462,2024
"BMW","i4 eDrive35 M Sport",38500,"Automatic","electric",6912,2024
"BMW","i4 eDrive35 Sport",38500,"Automatic","electric",3712,2024
"BMW","i4 eDrive35 Sport",35940,"Automatic","electric",1616,2024
"BMW","i5 eDrive40 M Sport Pro Touring",56000,"Automatic","electric",9000,2024
"BMW","iX1 xDrive30 M Sport",45499,"Automatic","electric",5837,2024
"BMW","i5 M60 Saloon",61999,"Automatic","electric",9591,2024
"BMW","i4 eDrive35 Sport",35000,"Automatic","electric",5121,2024
"BMW","iX xDrive40 M Sport",47995,"Automatic","electric",5000,2024
"BMW","iX2 xDrive30 M Sport",34816,"Automatic","electric",2500,2024
"BMW","i5 eDrive40 M Sport Touring",56999,"Automatic","electric",6000,2024
"BMW","iX3 M Sport Pro",46299,"Automatic","electric",8421,2024
"BMW","iX1 xDrive30 M Sport",44499,"Automatic","electric",5837,2024
"BMW","i5 eDrive40 M Sport Pro Saloon",45950,"Automatic","electric",4590,2023
"BMW","iX2 xDrive30 M Sport",43990,"Automatic","electric",3578,2024
"BMW","i7 eDrive50 M Sport",74990,"Automatic","electric",3715,2024
"BMW","iX3 M Sport",43990,"Automatic","electric",4964,2024
"BMW","iX2 xDrive30 M Sport",47950,"Automatic","electric",3864,2024
"BMW","iX2 xDrive30 M Sport",38256,"Automatic","electric",9165,2024
"BMW","i4 eDrive35 M Sport",38990,"Automatic","electric",5000,2024
"BMW","i4 eDrive35 Sport",33485,"Automatic","electric",5000,2024
"BMW","i5 eDrive40 M Sport Pro Saloon",55000,"Automatic","electric",7500,2024
"BMW","i4 eDrive40 M Sport",41995,"Automatic","electric",7873,2023
"BMW","iX1 xDrive30 M Sport",32499,"Automatic","electric",4535,2023
"BMW","iX xDrive50 M Sport",79000,"Automatic","electric",10991,2024
"BMW","i5 eDrive40 M Sport Saloon",37995,"Automatic","electric",15822,2023
"BMW","iX1 xDrive30 xLine",31316,"Automatic","electric",5158,2023
"BMW","iX1 eDrive20 M Sport",31999,"Automatic","electric",2428,2023
"BMW","i7 xDrive60 M Sport",75000,"Automatic","electric",12536,2023
"BMW","i4 M50",65000,"Automatic","electric",4895,2024
"BMW","iX1 xDrive30 M Sport",41000,"Automatic","electric",11000,2024
"BMW","i5 M60 Saloon",60999,"Automatic","electric",10656,2024
"BMW","iX xDrive50 M Sport",65000,"Automatic","electric",12884,2023
"BMW","i5 eDrive40 M Sport Touring",55490,"Automatic","electric",4763,2024
"BMW","i5 eDrive40 M Sport Pro Touring",57341,"Automatic","electric",5275,2024
"BMW","iX1 xDrive30 M Sport",32752,"Automatic","electric",4949,2023
"BMW","iX xDrive40 M Sport",55500,"Automatic","electric",3500,2024
"BMW","iX2 xDrive30 M Sport",40000,"Automatic","electric",10983,2024
"BMW","i7 eDrive50 M Sport",74000,"Automatic","electric",11507,2024
"BMW","i5 eDrive40 M Sport Saloon",49500,"Automatic","electric",7222,2024
"BMW","iX1 eDrive20 M Sport",35500,"Automatic","electric",5793,2024
"BMW","i5 eDrive40 M Sport Pro Touring",58750,"Automatic","electric",7900,2024
"BMW","iX2 xDrive30 M Sport",38816,"Automatic","electric",3874,2024
"BMW","iX1 eDrive20 M Sport",35000,"Automatic","electric",5686,2024
"BMW","iX xDrive40 M Sport",47242,"Automatic","electric",12887,2024
"BMW","iX xDrive50 M Sport",72950,"Automatic","electric",4123,2024
"BMW","i4 M50",51995,"Automatic","electric",7000,2024
"BMW","iX3 M Sport",39890,"Automatic","electric",4927,2024
"BMW","i5 eDrive40 M Sport Pro Saloon",49990,"Automatic","electric",6177,2024
"BMW","iX1 eDrive20 M Sport",34990,"Automatic","electric",2503,2024
"BMW","i4 eDrive35 Sport",37000,"Automatic","electric",6000,2024
"BMW","iX2 xDrive30 M Sport",41500,"Automatic","electric",7913,2024
"BMW","iX2 xDrive30 M Sport",42000,"Automatic","electric",9879,2024
"BMW","i4 eDrive35 Sport",38500,"Automatic","electric",7245,2024
"BMW","i4 eDrive35 Sport",37312,"Automatic","electric",6000,2024
"BMW","iX xDrive40 M Sport",62995,"Automatic","electric",9253,2024
"BMW","i4 eDrive35 Sport",35000,"Automatic","electric",6000,2024
"BMW","iX xDrive50 M Sport",75000,"Automatic","electric",10991,2024
"BMW","i5 eDrive40 M Sport Pro Touring",55000,"Automatic","electric",7900,2024
"BMW","i5 eDrive40 M Sport Pro Touring",54195,"Automatic","electric",9811,2024
"BMW","i5 eDrive40 M Sport Touring",55992,"Automatic","electric",6000,2024
"BMW","i5 eDrive40 M Sport Pro Touring",63000,"Automatic","electric",7900,2024
"BMW","i5 eDrive40 M Sport Pro Touring",54900,"Automatic","electric",6977,2024
"BMW","iX xDrive40 M Sport",54000,"Automatic","electric",4616,2024
"BMW","i4 eDrive35 Sport",34000,"Automatic","electric",6000,2024
"BMW","i4 eDrive35 M Sport",36000,"Automatic","electric",6912,2024
"BMW","iX1 eDrive20 M Sport",34500,"Automatic","electric",5686,2024
"BMW","iX1 eDrive20 M Sport",33500,"Automatic","electric",5686,2024
"BMW","i3 94Ah",59000,"Automatic","electric",6542,2017
"BMW","i4 eDrive40 M Sport",44670,"Automatic","electric",5421,2024
"BMW","iX2 xDrive30 M Sport",41400,"Automatic","electric",4384,2024
"BMW","i4 eDrive35 Sport",34902,"Automatic","electric",6208,2024
"BMW","i5 eDrive40 M Sport Touring",55992,"Automatic","electric",14307,2024
"BMW","i5 eDrive40 M Sport Pro Saloon",47992,"Automatic","electric",9979,2024
"BMW","iX xDrive40 M Sport",54000,"Automatic","electric",12989,2024
"BMW","i5 eDrive40 M Sport Pro Touring",52800,"Automatic","electric",4408,2024
"BMW","iX xDrive40 M Sport",55995,"Automatic","electric",5000,2024
"BMW","i4 eDrive40 M Sport",51500,"Automatic","electric",10502,2024
"BMW","i5 eDrive40 M Sport Pro Saloon",53000,"Automatic","electric",8480,2024
"BMW","iX xDrive40 M Sport",48000,"Automatic","electric",7656,2024
"BMW","i4 M50",60000,"Automatic","electric",10251,2024
"BMW","i7 eDrive50 M Sport",74995,"Automatic","electric",3262,2024
"BMW","iX xDrive40 M Sport",53880,"Automatic","electric",10500,2024
"BMW","iX2 xDrive30 M Sport",40500,"Automatic","electric",3000,2024
"BMW","i5 eDrive40 M Sport Pro Saloon",43500,"Automatic","electric",8480,2024
"BMW","iX1 eDrive20 M Sport",43500,"Automatic","electric",3737,2024
"BMW","iX1 eDrive20 M Sport",37000,"Automatic","electric",5681,2024
"BMW","i5 eDrive40 M Sport Pro Touring",55816,"Automatic","electric",4000,2024
"BMW","i5 eDrive40 M Sport Pro Touring",58888,"Automatic","electric",7900,2024
"BMW","iX2 xDrive30 M Sport",34995,"Automatic","electric",12235,2024
"BMW","iX1 eDrive20 M Sport",31244,"Automatic","electric",2327,2024
"BMW","iX2 xDrive30 M Sport",36950,"Automatic","electric",11002,2024
"BMW","iX2 xDrive30 M Sport",39450,"Automatic","electric",4966,2024
